date,gspc,gspc_next_year_pct_chg,gspc_prev_year_pct_chg,inflation_rate_pct,inflation_rate_pct_chg,interest_rate_pct,interest_rate_pct_chg
2013-04-30,1597.5699462890625,17.925975982963017,14.282744041288616,1.3619650588516832,-0.3422887160859171,0.15,0.0
1982-12-31,140.63999938964844,17.271041945070312,14.761318553578906,3.711558854718982,-4.679245742982165,8.83,-3.4700000000000006
1968-01-31,92.23999786376952,11.67606734810134,6.500400893364111,3.951367781155028,1.1388677811550325,4.63,-0.3700000000000001
2005-04-30,1156.8499755859375,13.29126619791356,4.474841919338128,2.802749867794824,-0.2490212493713852,2.7649999999999997,1.7649999999999997
1986-02-28,226.9199981689453,25.242382557856413,25.24561615090419,2.255639097744353,-1.4480646059593625,7.83,-0.6949999999999985
1962-08-31,59.119998931884766,22.631937262940465,-13.148230943241764,1.3333333333333286,-0.018018018018018,3.0,1.25
1986-07-31,236.1199951171875,34.956805968065886,23.67483625693557,1.5740740740740766,-1.7752082225766412,6.47,-1.4400000000000004
1966-07-31,83.5999984741211,13.337322642811364,-1.9354856608550224,3.481012658227853,1.5455287872601065,5.5,1.37
2014-10-31,2018.050048828125,3.0380841460969985,14.887790995370535,1.3223551823708954,0.0852829778369976,0.09,0.0099999999999999
1956-04-30,48.380001068115234,-5.45679894866378,27.449953200617504,1.1235955056179805,1.8670899294097991,2.72,1.2800000000000002
2013-05-31,1630.739990234375,17.956875885076016,24.45262223451106,1.7544165453768907,0.090422783138385,0.11,-0.05
1975-06-30,95.19000244140624,9.549318315740084,10.686049350472366,9.716599190283407,-1.795816159603728,5.359999999999999,-6.520000000000001
2004-09-30,1114.5799560546875,10.248713151401562,11.908992122305394,3.189189189189192,1.1483728626585863,1.5750000000000002,0.5700000000000003
1962-05-31,59.630001068115234,18.732184778737647,-10.41165376302476,1.342281879194626,0.6666062035189527,2.5,0.25
1960-11-30,55.540000915527344,28.41195268127058,-4.7014377507895135,1.360544217687082,-0.3695595885412917,2.625,-1.375
2018-04-30,2648.050048828125,11.245256842054603,11.066609473193015,2.8010117148075615,0.9261339939662014,1.69,0.7799999999999999
1974-06-30,86.0,10.686049350472366,-17.513909228940165,11.512415349887137,5.784491722202176,11.88,3.380000000000001
1974-08-31,72.1500015258789,20.41579406239607,-30.79136544280201,11.946902654867252,4.583482227313805,12.07,1.5199999999999996
1999-11-30,1388.9100341796875,-5.32504490483392,19.36010831205428,2.684563758389265,1.0726604725864166,5.43,0.5899999999999999
2006-09-30,1335.8499755859375,14.290528719763527,8.710859440285178,1.305220883534148,-3.0426052034223643,5.25,1.63
1965-06-30,84.12000274658203,0.7370364918499622,2.9746605858149486,1.607717041800643,0.3047854457094308,4.13,0.6299999999999999
1993-09-30,458.9299926757813,0.8236547707979637,9.844424625305075,2.7503526093088695,-0.4519763572122408,3.01,-0.1050000000000004
2015-12-31,2043.93994140625,9.535022667283643,-0.7265997205823517,1.3730868138309948,1.4624351269006453,0.15,0.03
1991-02-28,367.0700073242187,12.430872578077294,10.599894881756672,4.895104895104904,-0.337928629016103,6.27,-1.9550000000000016
1984-04-30,160.0500030517578,12.358636927298472,-2.663741299715184,4.233870967741938,0.6848104249444367,10.37,1.6249999999999982
1988-08-31,261.5199890136719,34.38743766108753,-20.70345703655984,4.173913043478258,-0.1818038349246427,8.09,1.34
1982-10-31,133.72000122070312,22.30780852433635,9.705473697835917,4.589114194236924,-5.001529080616882,9.49,-5.49
2014-11-30,2067.56005859375,0.6214984402612624,14.494879943455086,0.7564932696557398,-0.745242349962645,0.09,0.0050000000000001
1983-07-31,162.55999755859375,-7.320370371065671,51.79755637089018,2.5588536335721597,-3.2916339070562324,9.39,-3.25
1965-08-31,87.16999816894531,-11.552139390100043,6.525719440793271,1.607717041800643,0.3047854457094308,4.13,0.6299999999999999
1984-07-31,150.66000366210938,26.722417050465815,-7.320370371065671,4.291417165668659,1.7325635320964996,11.22,1.83
1968-12-31,103.86000061035156,-11.361450974786257,7.660411833873278,4.39882697947214,0.7514105660982713,6.13,1.63
2013-03-31,1569.18994140625,19.318886542338568,11.410961827101763,1.0630853814894483,-1.239654429809495,0.15,0.0199999999999999
1969-06-30,97.70999908447266,-25.575681197340995,-1.8778898495650005,5.444126074498564,0.9531081104267072,9.19,3.0599999999999996
1992-07-31,424.2099914550781,5.63871995227802,9.386038040699232,3.147877013177168,-0.6515150840872694,3.2,-2.5999999999999996
1979-02-28,96.27999877929688,18.051521710810125,10.615806257558503,10.09463722397476,3.540015375235268,10.02,3.26
2005-10-31,1207.010009765625,14.16143447508077,6.796147753687977,3.45549738219895,-0.067537848153353,3.76,2.0
1968-02-29,89.36000061035156,9.814230733174888,2.9730374133978428,3.9393939393939306,1.1356556216369258,4.75,-0.25
1970-09-30,84.30000305175781,16.654795703284442,-9.471648877445904,5.630026809651479,-0.0356955699519208,6.4399999999999995,-2.8100000000000005
2011-05-31,1345.199951171875,-2.5921793326568587,23.47967330636845,3.5588282522423347,2.505479279396674,0.09,-0.11
1960-06-30,56.91999816894531,13.562897872535492,-2.650937265944482,1.3698630136986376,0.6802078412848469,3.5,0.0
1977-04-30,98.44000244140624,-1.6355145981531969,-3.148363801119922,6.725663716814154,0.5226561980171676,4.72,-0.0650000000000003
1971-10-31,94.2300033569336,18.412392927973336,13.189193221541853,3.2828282828282753,-2.317171717171728,5.25,-1.0
1958-11-30,52.47999954223633,11.051827910921876,25.79098275815405,1.7605633802816902,-1.1379873443559807,2.5,-1.0
2014-01-31,1782.5899658203125,11.91524851405299,18.989258682632094,1.126349250105532,-0.8515742596435207,0.07,-0.07
2009-10-31,1036.18994140625,14.19335031951584,6.961542338709678,1.8382958691302815,0.7687211773228912,0.12,-0.71
1986-09-30,231.32000732421875,39.127605214532025,27.0430607414273,1.4719411223551009,-1.7569287731814671,5.86,-2.0549999999999997
2011-02-28,1327.219970703125,2.8977926686438717,20.165866819805785,2.681603264240854,0.3676438172969085,0.15,0.0199999999999999
2005-05-31,1191.5,6.595884668091691,6.319372425212222,2.5303110173958943,-0.7358838655654556,3.01,2.01
2000-03-31,1498.5799560546875,-22.571368223188507,16.49680587568181,3.0685920577617467,0.791668980838677,5.79,1.0099999999999998
2010-07-31,1101.5999755859375,17.309373451058345,11.556689489848242,1.1481045618391952,2.6324531737997994,0.18,0.03
2010-10-31,1183.260009765625,5.919243317990035,14.19335031951584,1.143160911570279,-0.6951349575600028,0.19,0.07
1973-12-31,97.5500030517578,-29.718097986919194,-17.365522634516147,9.389671361502346,5.740036325005996,10.09,4.71
1965-11-30,91.61000061035156,-12.182080108891888,8.516942190661123,1.923076923076928,0.9522031366691583,4.13,0.6299999999999999
2003-11-30,1058.199951171875,10.926100968833657,13.018119418900408,1.879491431730241,-0.4974185852476978,0.99,-0.28
2020-07-31,3271.1201171875,34.365587571392275,9.755140143431538,1.3096453823307064,-0.4401345070984364,0.09,-2.31
2008-03-31,1322.699951171875,-39.678685675440065,-6.908494516818969,3.936889774827516,1.3631925043560489,2.9,-2.35
1977-10-31,92.33999633789062,0.8771986355991496,-10.26239556015214,6.724137931034481,1.8416786181954168,6.48,1.4800000000000004
1983-03-31,152.9600067138672,4.0664132380364,36.62022862152799,3.898840885142243,-2.6106989577309463,8.76,-5.870000000000001
1969-08-31,95.51000213623048,-14.647686294896594,-3.388628822009438,5.698005698005698,1.2337199837199837,9.75,3.75
1977-03-31,98.41999816894533,-9.35785333856948,-4.23275140236619,6.951871657754008,0.9027223193797118,4.67,-0.1399999999999996
1996-07-31,639.9500122070312,49.1225844761549,13.85795377482234,2.877697841726622,0.2602481772970879,5.26,-0.5099999999999998
1958-05-31,44.09000015258789,33.09140417803224,-7.0419568439754245,2.8469750889679615,-0.461848440443811,0.5,-2.5
2019-03-31,2834.39990234375,-8.813499261221347,7.328258360632944,1.996439775530246,-0.4663041678045561,2.4,0.97
2001-03-31,1160.3299560546875,-1.1151949786979496,-22.571368223188507,3.2691185055458227,0.200526447784076,5.4,-0.3899999999999997
1976-07-31,103.44000244140624,-4.437358719017005,16.552115426936602,5.709023941068143,-2.8909760589318516,5.28,-0.8300000000000001
2001-01-31,1366.010009765625,-17.262688919403267,-2.0402128400121295,3.533568904593639,0.3116844061133887,5.96,0.4000000000000003
1969-02-28,98.12999725341795,-8.794453780663245,9.814230733174888,5.24781341107873,1.3084194716847994,6.75,2.0
1987-01-31,274.0799865722656,-6.2062098954320835,29.417314265779027,2.104300091491306,-1.0089074556785027,6.13,-1.79
1968-10-31,103.41000366210938,-6.082584559304158,10.836013161481992,4.733727810650892,1.9981655006205012,6.0,2.0
1958-02-28,40.84000015258789,35.67580715080131,-5.594078277485111,3.597122302158273,-0.134220981423816,1.5,-1.5
1970-10-31,83.25,13.189193221541853,-14.281303906851644,5.600000000000003,-0.3322033898305099,6.25,-3.25
2018-02-28,2713.830078125,2.603696991898414,14.815716499221349,2.3597114039729186,-0.020901029467351,1.42,0.7599999999999999
1998-12-31,1229.22998046875,19.5260466588784,26.66858915596535,1.6707920792079314,0.0994532985668252,4.67,-0.8300000000000001
1993-06-30,450.5299987792969,-1.3894767901330405,10.38613774916756,2.775800711743776,-0.3813211678450723,2.99,-0.7249999999999996
1990-02-28,331.8900146484375,10.599894881756672,14.896500546624514,5.233033524121007,0.2544927515888204,8.225000000000001,-1.084999999999999
1981-11-30,126.3499984741211,9.639889554625109,-10.08397763130219,8.922363847045196,-3.593933415014771,13.08,-2.0999999999999996
2008-04-30,1385.5899658203125,-37.00806017010501,-6.528736389407568,4.1755430418035155,1.4846788442726453,2.28,-2.97
1964-02-29,77.80000305175781,12.377888015006176,21.01415763546447,1.3114754098360608,-0.0174282446489841,3.5,0.5
1985-09-30,182.0800018310547,27.0430607414273,9.620707489667476,3.228869895536568,-1.028555847037686,7.915,-3.4650000000000007
2004-02-29,1144.93994140625,5.123415828051161,36.116020706746674,1.7372421281216164,-1.28289210006629,1.01,-0.24
1983-09-30,166.07000732421875,0.0180639356740126,37.908993397614864,2.851323828920567,-2.287862466582641,9.52,-0.7200000000000006
2011-04-30,1363.6099853515625,2.5153855718709663,14.90870005484827,3.568645784634565,1.547659700540594,0.1,-0.1
1971-11-30,93.98999786376952,24.13022749298126,7.786698570135908,3.266331658291468,-2.303960118896845,4.9399999999999995,-0.75
2020-10-31,3269.9599609375,40.83902976879674,7.650874315595933,1.1745357842679691,-0.8767421976236565,0.09,-1.74
1965-07-31,85.25,-1.9354856608550224,2.4885786093167583,1.9354838709677464,0.9582851738993402,4.13,0.6299999999999999
1976-05-31,100.18000030517578,-4.052702681399349,9.906745615065203,5.970149253731335,-3.417605848309484,5.21,0.0499999999999998
1966-02-28,91.22000122070312,-4.867356261774041,4.3348975206431275,2.5559105431309925,1.2614121612539628,4.63,0.6299999999999999
2012-05-31,1310.3299560546875,24.45262223451106,-2.5921793326568587,1.6639937622385057,-1.894834490003829,0.16,0.07
2001-05-31,1255.8199462890625,-15.024441377776537,-11.599326490830764,3.2482598607888593,-0.4821853859018854,4.22,-2.03
2020-09-30,3363.0,28.086233692016055,12.975940493049668,1.1820661677274849,-0.5819767766938977,0.09,-2.035
1962-03-31,69.55000305175781,-4.2846919139829955,6.901330558951088,1.342281879194626,0.3253327266522507,2.75,0.75
1985-10-31,189.82000732421875,28.53228654175177,14.28744145315784,3.5137701804368495,-0.5376132187726306,7.94,-2.079999999999999
1993-04-30,440.19000244140625,2.435312288159035,6.082658029127117,3.2211882605583395,0.1975894404993465,2.94,-0.8050000000000002
1984-03-31,159.17999267578125,13.494165080204969,4.0664132380364,4.563894523326572,0.6650536381843288,9.84,1.08
2020-06-30,3100.2900390625,38.61606320225206,5.38895181016161,0.9860818253037064,-0.8253829810898027,0.08,-2.3
1986-08-31,252.92999267578125,30.391806959692374,34.08788958729843,1.7543859649122862,-1.388471177944854,6.29,-1.5300000000000002
1971-07-31,95.58000183105467,12.356138661169815,22.459959120913904,4.615384615384608,-0.7900207900207974,5.25,-2.0
1957-05-31,47.43000030517578,-7.0419568439754245,4.933627222556946,3.3088235294117725,1.4361643533818098,3.0,0.25
1970-08-31,81.5199966430664,21.47939506535758,-14.647686294896594,5.660377358490569,-0.0376283395151286,6.63,-3.12
1989-07-31,346.0799865722656,2.909734083139769,27.225939471261228,4.705882352941171,0.6849033319621549,9.22,1.4300000000000006
2007-07-31,1455.27001953125,-12.911007038333535,13.990410960606878,1.9700833742030384,-1.8486538966727248,5.25,0.0099999999999997
2004-12-31,1211.9200439453125,3.0010226581274932,8.993452410946762,2.9697624190064795,1.0435103551649825,2.23,1.25
1965-09-30,89.95999908447266,-14.895510962929505,6.866237536639084,1.9292604501607649,0.9552344761347886,4.13,0.6299999999999999
2021-06-30,4297.5,-11.91669848022106,38.61606320225206,5.365475239385408,4.379393414081702,0.06,-0.02
1998-09-30,1017.010009765625,26.12559843271423,7.361073633158672,1.485148514851489,-0.5995008850221577,5.47,-0.0350000000000001
1973-03-31,111.5199966430664,-15.728114969615484,4.029850576311086,5.060240963855425,1.5689691434065511,7.13,3.25
1961-01-31,61.779998779296875,11.42764276155931,11.09512336131281,1.360544217687082,-0.3695595885412917,1.5,-2.5
1971-05-31,99.62999725341795,9.93676783980769,30.150219832199156,4.63917525773197,-1.371753704016652,4.63,-3.37
1962-07-31,58.22999954223633,18.71886964944157,-12.777115519840482,1.3377926421404756,0.3242791286269717,2.75,1.75
1975-09-30,83.87000274658203,25.47990272726965,31.995595747759303,7.436399217221129,-4.625004291550801,6.24,-5.095000000000001
1968-06-30,99.58000183105467,-1.8778898495650005,9.863197817306286,4.491017964071856,1.7217871948410917,6.13,2.13
2014-12-31,2058.89990234375,-0.7265997205823517,11.39063378674811,-0.0893483130696503,-1.6682956814907008,0.12,0.03
2012-02-29,1365.6800537109375,10.910315311051445,2.8977926686438717,2.6513981930217807,-0.0302050712190733,0.11,-0.0399999999999999
1993-03-31,451.6700134277344,-1.3062687888635944,11.885360225955113,3.225806451612903,0.0453330788318293,3.02,-0.9300000000000002
1963-12-31,75.0199966430664,12.969879755163747,18.890647317264207,1.644736842105263,0.3114035087719344,3.5,0.5
2006-11-30,1400.6300048828125,5.7481283054735846,12.097034508496698,2.540650406504065,-0.8750090785195819,5.24,1.2400000000000002
1984-05-31,150.5500030517578,25.90501442008748,-7.291087125064283,4.221105527638193,1.6437859400093275,10.48,1.8000000000000007
1997-12-31,970.4299926757812,26.66858915596535,31.008181746570862,1.571338780641106,-1.4727026701360886,5.5,0.25
2021-11-30,4567.0,-10.661044286799322,26.103443691859,7.036402865545134,5.674397370825824,0.08,-0.0099999999999999
2012-08-31,1406.5799560546875,16.095069012886995,15.39843128999503,1.991282080664995,-1.8770747603753033,0.13,0.04
1995-12-31,615.9299926757812,20.26366617030328,34.1106554770871,2.7278775781769755,-0.0764999868025206,5.7,0.2800000000000002
1987-10-31,251.7899932861328,10.79471331637993,3.2010811113036803,4.528985507246377,3.244581837521601,7.42,1.58
2004-03-31,1126.2099609375,4.828584968076869,32.77959521122498,2.2850924918389492,0.0603983872783264,1.0,-0.2299999999999999
1975-12-31,90.19000244140624,19.14846011262304,31.549016413436615,6.71785028790787,-5.084724819388267,5.21,-3.55
1991-01-31,343.92999267578125,18.85558325372599,4.512582566383015,5.312500000000009,0.049342105263161,6.81,-1.4200000000000008
2022-08-31,3955.0,13.973708122629583,-12.551853186991908,8.201669643833617,2.8113207887544593,2.33,2.23
2005-06-30,1191.3299560546875,6.620331732308678,4.4256856129746955,3.167898627243928,0.1771427816756845,3.01,2.01
2019-04-30,2945.830078125,-1.133811034533056,11.245256842054603,1.7902284687663923,-1.0107832460411692,2.41,0.7200000000000002
1979-08-31,109.31999969482422,11.946576651163369,5.837930802448468,12.18045112781954,3.874262202738103,10.93,2.96
1967-05-31,89.08000183105469,10.77682788144531,3.425060573213534,2.7777777777777732,0.2461322081575292,4.0,-1.0
2009-05-31,919.1400146484376,18.524927303526933,-34.364957265627794,-1.4267760436898684,-6.448566091301599,0.17,-1.81
1981-01-31,129.5500030517578,-7.062911084782683,13.481078220004036,11.406844106463875,-2.7755003219008305,19.49,5.519999999999998
1979-11-30,106.16000366210938,32.36623909670732,12.101380235662075,13.293943870014772,4.276230504475317,13.23,3.460000000000001
1959-04-30,57.59000015258789,-5.5912505854689245,32.57366936742675,0.3460207612456797,-2.8682649530400295,3.0,1.5
2001-09-30,1040.93994140625,-21.6784756865532,-27.53688214284804,2.126436781609189,-1.3218390804597837,3.13,-3.38
1981-08-31,122.79000091552734,-2.6712262845842933,0.3350250623558812,10.952380952380954,-1.6481552406485438,17.58,7.659999999999998
2002-08-31,916.0700073242188,10.036351120146051,-19.187878858363952,1.5143017386427304,-1.133942360378584,1.72,-1.96
1981-02-28,131.27000427246094,-13.834084765028951,15.493577373710904,10.486891385767798,-4.269555605636208,16.2,1.8999999999999984
1998-11-30,1163.6300048828125,19.36010831205428,21.79505705962856,1.6119032858028484,-0.0904926788882092,4.84,-0.6600000000000001
1957-09-30,42.41999816894531,18.01038079709011,-6.46086086827055,2.9090909090909114,0.6786076377154413,3.5,0.5
1977-11-30,94.83000183105467,-0.1370925659624926,-7.120466945853206,6.701030927835048,1.836166062970178,6.53,1.5700000000000005
1960-10-31,53.38999938964844,28.525947801165312,-7.180113065450774,1.360544217687082,-0.0187661271404993,2.75,-1.25
2005-08-31,1220.3299560546875,6.841591474513758,10.513110089019,4.686677198525543,2.148880222283633,3.51,2.03
1992-11-30,431.3500061035156,7.056914804842089,14.95922517461883,2.9006526468455403,-0.1636223905236629,2.935,-1.895
2020-11-30,3621.6298828125,26.103443691859,15.302545872069498,1.36200549471931,-0.923124245402404,0.09,-1.46
1958-04-30,43.439998626708984,32.57366936742675,-5.02842800034394,3.214285714285709,-0.4894179894179942,1.5,-1.5
1987-07-31,318.6600036621094,-14.636293890805376,34.956805968065886,4.284412032816776,2.710337958742699,6.59,0.1200000000000001
2019-05-31,2752.06005859375,10.619317666683994,1.729588496700505,1.6484846560762445,-1.223063179240443,2.39,0.6900000000000002
1965-05-31,88.41999816894531,-2.589912873727737,10.016169151749384,1.9354838709677464,0.628294328484091,4.13,0.6299999999999999
1956-10-31,45.58000183105469,-9.916630706855509,7.652342151134269,2.23048327137547,1.8573489430172692,3.0,0.75
1987-02-28,284.20001220703125,-5.763548268562407,25.242382557856413,3.033088235294115,0.7774491375497621,6.07,-1.7599999999999998
1959-01-31,55.45000076293945,0.2885479625079587,32.97362049983511,1.048951048951039,-2.2001464239731567,2.5,-0.5
2018-07-31,2816.2900390625,5.826454004170075,14.005990502996092,2.699180104187448,0.760205892129264,1.91,0.75
1970-01-31,85.0199966430664,12.773466289282908,-17.464328822527676,6.145251396648053,1.466888823548655,9.38,2.880000000000001
2007-05-31,1530.6199951171875,-8.508969610344307,20.51272242975375,2.68703794972893,-1.6317281171091191,5.25,0.2599999999999998
1999-08-31,1320.4100341796875,14.94005759005044,37.933519322400635,2.628361858190716,1.1395281112924491,5.01,-0.5200000000000005
2005-01-31,1181.27001953125,8.364720587986067,4.432736682078565,3.0075187969924935,1.314454897484031,2.26,1.2599999999999998
1963-04-30,69.80000305175781,13.839535258403648,6.989585127685359,0.9933774834437108,-0.3489043957509151,3.0,0.25
1986-10-31,243.97999572753903,3.2010811113036803,28.53228654175177,1.2844036697247758,-2.2293665107120737,5.84,-2.1000000000000005
2004-10-31,1130.199951171875,6.796147753687977,7.565359917540874,3.523035230352303,1.7580048938934016,1.76,0.76
2006-12-31,1418.300048828125,3.5295730663479623,13.619431738260698,2.0756429652042283,-1.9096742870244152,5.25,1.0599999999999996
2011-12-31,1257.5999755859375,13.405690926621045,-0.0031836663936931,2.925216712150855,1.2933698547020924,0.07,-0.12
1968-04-30,97.45999908447266,6.39236960338341,3.6698190297270297,3.9156626506024006,1.1292849416240545,5.75,1.75
1965-03-31,86.16000366210938,3.5631378416181683,9.090909090909092,1.6181229773462786,0.3066475675102178,4.0,0.5
2014-04-30,1883.949951171875,10.6988011262387,17.925975982963017,2.1271115499366857,0.7651464910850025,0.09,-0.06
2022-01-31,4515.5498046875,-9.720847427606383,21.57399135650793,7.871063897739283,6.194848680364782,0.08,-0.0099999999999999
2007-01-31,1438.239990234375,-4.150207323641651,12.35548087692505,2.415198792148972,-1.182298600968847,5.25,0.9900000000000002
2012-07-31,1379.3199462890625,22.21457284106247,6.735375848804661,1.692378997550157,-2.078829181569623,0.17,0.1
1957-01-31,44.720001220703125,-6.753131429624297,2.053860182900023,3.358208955223875,2.983677120017877,3.0,0.5
1957-06-30,47.369998931884766,-4.496511086016231,0.8516025139154825,3.284671532846723,1.0458655626974775,3.0,0.25
1978-07-31,100.68000030517578,3.108857016220207,1.851291714014322,7.843137254901955,1.222928195668498,7.81,2.4499999999999993
1958-01-31,41.70000076293945,32.97362049983511,-6.753131429624297,3.2490974729241957,-0.1091114822996792,3.0,0.0
2004-05-31,1120.6800537109375,6.319372425212222,16.302579154758217,3.26619488296135,1.1539102804043837,1.0,-0.26
1955-07-31,43.52000045776367,13.48804887440574,40.93264779960337,-0.3717472118959029,-0.3717472118959029,1.69,0.94
1961-07-31,66.76000213623047,-12.777115519840482,20.26662611217052,1.0135135135135038,-0.3563495001851338,1.0,-2.5
1990-12-31,330.2200012207031,26.306703045260964,-6.55913782572701,5.651491365777071,0.4491792270487371,7.29,-1.1800000000000006
1987-12-31,247.0800018310547,12.40084149367907,2.0275028695685102,4.046762589928058,2.5869085753295096,6.79,0.5599999999999996
2000-09-30,1436.510009765625,-27.53688214284804,11.990243586766605,3.4482758620689724,0.8873002523128819,6.51,1.2799999999999994
1993-07-31,448.1300048828125,2.2605058292094347,5.63871995227802,2.767920511000714,-0.3799565021764541,2.99,-0.2099999999999999
1965-02-28,87.43000030517578,4.3348975206431275,12.377888015006176,1.2944983818770297,-0.0169770279590311,4.0,0.5
1981-04-30,132.80999755859375,-12.325875625413907,24.950603457180176,9.7799511002445,-4.625643305349902,15.58,-2.729999999999998
1989-01-31,297.4700012207031,10.62627667389895,15.715561032186685,4.827586206896547,0.884933877147438,9.1,2.2399999999999993
2002-10-31,885.760009765625,18.62242022142333,-16.420390526391206,2.1984216459977484,0.3029592680540311,1.73,-0.7400000000000002
2001-02-28,1239.93994140625,-10.74325912805284,-9.25631200299668,2.9205607476635516,-0.8370150099121991,5.495,-0.2149999999999998
2008-05-31,1400.3800048828125,-34.364957265627794,-8.508969610344307,5.021790047611731,2.334752097882801,1.98,-3.27
1958-09-30,50.060001373291016,13.623650634702056,18.01038079709011,2.120141342756176,-0.7889495663347352,1.75,-1.75
1957-07-31,47.90999984741211,-1.5028203360389203,-2.9965571178899806,3.6630036630036633,1.7973320212126187,3.0,0.25
2005-11-30,1249.47998046875,12.097034508496698,6.445625193103986,3.415659485023647,0.1600979006503422,4.0,2.01
1982-09-30,120.41999816894533,37.908993397614864,3.649507533682331,5.139186295503208,-5.002323138459067,10.24,-5.66
1972-02-29,106.56999969482422,4.794971028417615,10.149870485606428,3.499999999999996,-1.2120418848167502,3.25,-0.6299999999999999
1972-08-31,111.08999633789062,-6.1571667687215825,12.178125524843493,3.1862745098039325,-0.895358143257277,4.75,-0.75
1982-03-31,111.95999908447266,36.62022862152799,-17.676471261417166,6.509539842873189,-3.4904601571268037,14.63,-0.0699999999999985
2013-08-31,1632.969970703125,22.68259864292394,16.095069012886995,1.1849252615521526,-0.8063568191128423,0.08,-0.05
1987-11-30,230.3000030517578,18.844988528080776,-7.591685288609812,4.434389140271498,3.336493440362987,6.735,0.75
2017-10-31,2575.260009765625,5.299658285035501,21.12316290242757,2.2025829386831743,0.5100457761793842,1.16,0.75
2009-07-31,987.47998046875,11.556689489848242,-22.08493295899388,-1.4843486119606042,-6.856203727222949,0.15,-1.84
2017-12-31,2673.610107421875,-6.237259849620682,19.419965523287917,2.0705076202751584,-0.4295345887778401,1.33,0.78
1981-06-30,131.2100067138672,-16.462163705714364,14.854699901460345,10.76178960096734,-2.3709053374731663,18.755000000000003,9.395000000000003
2013-09-30,1681.550048828125,17.28999921453377,16.71999816301839,0.9636127046434048,-1.1987308942277313,0.08,-0.0699999999999999
2020-08-31,3500.31005859375,29.207987294652327,19.60901926956197,1.3713248610564606,-0.339979652113066,0.1,-2.02
1977-07-31,98.8499984741211,1.851291714014322,-4.437358719017005,6.620209059233457,0.9111851181653146,5.36,0.08
1996-02-29,640.4299926757812,23.48266264359244,31.39990016778124,2.84015852047555,-0.0131023490896793,5.17,-0.7700000000000005
2016-08-31,2170.949951171875,13.851077083078664,10.078689168715789,1.4637836474815626,1.499913395287526,0.4,0.26
2006-01-31,1280.0799560546875,12.35548087692505,8.364720587986067,3.597497393117819,0.5899785961253254,4.26,2.0
1981-03-31,136.0,-17.676471261417166,33.21579476785984,9.999999999999991,-4.730878186968855,14.7,-2.1900000000000013
1980-02-29,113.66000366210938,15.493577373710904,18.051521710810125,14.756446991404006,4.661809767429245,14.3,4.280000000000001
2001-04-30,1249.4599609375,-13.80915934774946,-13.974517551110422,3.6151603498542206,0.4262313486508442,4.94,-1.0599999999999996
2017-07-31,2470.300048828125,14.005990502996092,13.650162764153384,1.938974212058184,0.8760997092971496,1.16,0.7599999999999999
1979-01-31,99.93000030517578,14.239971293382018,11.966386896555498,9.856915739268674,3.427135705427731,10.03,3.339999999999999
2014-06-30,1960.22998046875,5.2483702411552375,22.0353826677912,1.9923286357643093,0.0316470239199109,0.1,0.01
1967-11-30,94.0,15.287236964448986,16.84276391020283,3.0395136778115504,-0.4196058190437886,4.0649999999999995,-1.6850000000000005
2007-04-30,1482.3699951171875,-6.528736389407568,13.105348783036437,2.6908641975308702,-1.4758024691357932,5.25,0.4850000000000003
2003-04-30,916.9199829101562,20.762996713599055,-14.857190367540534,2.05784204671857,0.8760750236459627,1.245,-0.4949999999999999
1964-04-30,79.45999908447266,12.1444772678894,13.839535258403648,1.3114754098360608,0.3180979263923499,3.5,0.5
1997-02-28,790.8200073242188,32.69011356589342,23.48266264359244,2.761721258831093,-0.0784372616444568,5.175,0.0049999999999998
1965-01-31,87.55999755859375,6.075833534901764,13.65523950940934,0.9708737864077692,-0.6738630556974937,4.0,0.5
1975-01-31,76.9800033569336,31.021039506446183,-20.285799316348733,11.228813559322028,1.205503536011994,7.12,-2.5699999999999994
1995-03-31,500.7099914550781,28.916940148159973,12.324742310034967,3.0529172320217097,0.6918061209105946,5.95,2.7
1988-10-31,278.9700012207031,22.005944675854792,10.79471331637993,4.2461005199306685,-0.2828849873157084,8.29,0.8699999999999992
1990-03-31,339.94000244140625,10.37830161967417,15.28470446995022,4.71161657189278,-0.4122092180303633,8.27,-1.5500000000000007
1994-08-31,475.489990234375,18.168629502769296,2.5735595691199187,2.9634734665747837,0.2741599492358006,4.5,1.5
1959-08-31,59.599998474121094,-4.429529290667266,24.816750731143653,1.3840830449827064,-0.7360582977734698,3.5,1.87
1975-10-31,89.04000091552734,15.566038261276086,20.487143541325352,7.378640776699023,-4.821794953148474,5.77,-4.24
1980-09-30,125.45999908447266,-7.396778931146509,14.763995092119078,12.765957446808502,0.6944224244537924,10.77,-0.5899999999999999
1978-09-30,102.54000091552734,6.612052583149723,6.226046008735116,8.928571428571416,2.538243276585228,8.37,2.2799999999999994
1970-06-30,72.72000122070312,35.7260661323293,-25.575681197340995,5.978260869565226,0.5341347950666622,7.75,-1.4399999999999995
1972-04-30,107.66999816894533,-0.6501318474472659,3.5786448580227983,3.225806451612914,-1.178338626107282,4.25,0.0
1968-08-31,98.86000061035156,-3.388628822009438,5.5745421344803825,4.464285714285714,1.7119921363040675,6.0,2.0
1974-10-31,73.9000015258789,20.487143541325352,-31.757317479824092,12.200435729847497,3.94571874871542,10.01,-0.0099999999999997
2008-10-31,968.75,6.961542338709678,-37.4749901930436,1.0695746918073905,-3.2366287821380153,0.83,-3.939999999999999
2008-12-31,903.25,23.45419048834071,-38.485793060906715,0.0298465036952758,-4.250447544206084,0.12,-4.16
2012-11-30,1416.1800537109375,27.512744856265396,13.570611573302886,1.741022368747564,-1.2213964761235212,0.16,0.08
2021-07-31,4395.259765625,-6.028533936374103,34.365587571392275,5.251271554874999,3.941626172544293,0.1,0.01
2015-03-31,2067.889892578125,-0.3941168421491328,10.44414637980223,-0.1995174461766945,-2.1523753446934504,0.12,0.0399999999999999
1980-05-31,111.23999786376952,19.192735422619716,12.272906548234976,14.384508990318126,3.4949384381708963,10.92,0.6699999999999999
2010-05-31,1089.4100341796875,23.47967330636845,18.524927303526933,1.0533489728456606,2.480125016535529,0.2,0.03
1999-03-31,1286.3699951171875,16.49680587568181,16.756977092551622,2.2769230769230697,0.8412177086334247,4.78,-0.6899999999999995
1980-04-30,106.29000091552734,24.950603457180176,4.451649650353148,14.4055944055944,3.552881227299828,18.31,8.28
1984-11-30,163.5800018310547,23.59090103064453,-1.6947068322514327,3.948667324777887,0.157683718220507,9.5,0.1549999999999993
1958-03-31,42.099998474121094,31.686462318491532,-4.556794623482207,3.584229390681004,-0.1332427282781036,1.25,-1.75
1992-06-30,408.1400146484375,10.38613774916756,9.963360982179909,3.1571218795888485,-1.290730881147335,3.715,-2.0950000000000006
1987-09-30,321.8299865722656,-15.511290119930113,39.127605214532025,4.533091568449683,3.061150446094582,7.17,1.3099999999999996
1972-07-31,107.38999938964844,0.7728855906248318,12.356138661169815,2.9411764705882426,-1.6742081447963653,4.56,-0.6900000000000004
1965-12-31,92.43000030517578,-13.090986080461512,9.061947262744283,1.923076923076928,0.9522031366691583,4.5,0.5
1970-02-28,89.5,8.100558659217876,-8.794453780663245,5.81717451523546,0.5693611041567301,9.25,2.5
2004-11-30,1173.8199462890625,6.445625193103986,10.926100968833657,3.255561584373305,1.3760701526430636,1.99,1.0
2000-10-31,1429.4000244140625,-25.858401343507857,4.876990607268724,3.4462269756387296,0.8242757561265277,6.51,1.29
1975-02-28,81.58999633789062,22.208608358727247,-15.204744021209432,10.251046025104616,-0.1415636746644377,6.255,-2.62
1964-09-30,84.18000030517578,6.866237536639084,17.405863163345025,0.9740259740259762,-0.3417634996582412,3.5,0.0
1963-06-30,69.37000274658203,17.759837403828335,26.70320136362015,1.3201320132013157,0.320132013201313,3.0,0.25
1998-03-31,1101.75,16.756977092551622,45.51854489452104,1.435705368289645,-1.0594961672189775,5.47,0.1899999999999995
1957-03-31,44.11000061035156,-4.556794623482207,-9.014024284545574,3.717472118959108,2.968408448547126,3.0,0.5
2013-02-28,1514.6800537109375,22.7618959275431,10.910315311051445,1.4738962125967778,-1.1775019804250029,0.14,0.03
2010-12-31,1257.6400146484375,-0.0031836663936931,12.782713853760178,1.631846857448763,-0.9938617855088588,0.19,0.07
1957-11-30,41.720001220703125,25.79098275815405,-7.453417200256028,2.898550724637671,-0.0865239022280035,3.5,0.5
1978-08-31,103.29000091552734,5.837930802448468,6.737629945890979,8.306188925081436,1.708966702859219,7.97,2.0
2010-09-30,1141.199951171875,-0.8569845465310187,7.957770330935647,1.1721876055269618,1.355035883013082,0.19,0.04
1979-03-31,101.58999633789062,0.4921744443586637,13.877365071706132,10.48513302034428,3.985133020344283,10.08,3.3100000000000005
1991-04-30,375.3399963378906,10.553102854906712,13.464331979600086,4.953560371517033,0.591686381210093,5.92,-2.3200000000000003
1976-11-30,102.0999984741211,-7.120466945853206,11.902675213305736,4.86486486486487,-2.0715513201062317,4.96,-0.3099999999999996
1970-11-30,87.19999694824219,7.786698570135908,-7.046157960107576,5.570291777188313,-0.6268913214032441,5.6899999999999995,-3.5600000000000005
1988-09-30,271.9100036621094,28.406454045125074,-15.511290119930113,4.249783174327845,-0.2833083941218373,8.21,1.040000000000001
1995-10-31,581.5,21.284612129191743,23.10786333991581,2.6052104208416873,-0.0696866984998609,5.7,0.9900000000000002
2006-08-31,1303.8199462890625,13.051652141819975,6.841591474513758,2.0623742454728338,-2.6243029530527093,5.25,1.7400000000000002
1973-02-28,111.68000030517578,-13.84312235156411,4.794971028417615,4.589371980676325,1.089371980676329,6.44,3.1900000000000004
1999-05-31,1301.8399658203125,9.12247379736819,19.345082591231847,1.9631901840490729,0.278848325034732,4.71,-0.7800000000000002
1962-12-31,63.099998474121094,18.890647317264207,-11.809929024774684,1.3333333333333286,0.6621923937360156,3.0,0.5
1989-03-31,294.8699951171875,15.28470446995022,13.897786099479118,5.123825789923143,1.2196554261254575,9.82,3.2200000000000006
1986-11-30,249.22000122070312,-7.591685288609812,23.272495166389636,1.0978956999085112,-2.700774765428621,5.985,-2.0149999999999997
1974-07-31,79.30999755859375,11.902663891058667,-26.714103988180995,10.864745011086471,3.4837926301340874,12.64,1.9800000000000004
1971-06-30,98.6999969482422,8.551167884870486,35.7260661323293,4.358974358974367,-1.6192865105908592,4.88,-2.87
2010-04-30,1186.68994140625,14.90870005484827,35.96200143509296,2.020986084093971,3.3024218830525784,0.2,0.05
2022-05-31,4132.14990234375,1.1538830126711004,-1.7116574798865087,9.05975796478415,3.668306551462817,0.83,0.77
2019-11-30,3140.97998046875,15.302545872069498,13.796616490011726,2.285129740121714,0.3749708914903422,1.55,-0.6500000000000001
2000-05-31,1420.5999755859375,-11.599326490830764,9.12247379736819,3.7304452466907447,1.767255062641672,6.25,1.54
2009-12-31,1115.0999755859375,12.782713853760178,23.45419048834071,2.6257086429576217,2.595862139262346,0.12,0.0
2007-10-31,1549.3800048828125,-37.4749901930436,12.4417660251288,4.306203473945406,2.332519263419087,4.77,-0.4600000000000008
2013-10-31,1756.5400390625,14.887790995370535,24.38675479743768,1.2370722045338978,-0.5270616415519502,0.08,-0.08
2004-08-31,1104.239990234375,10.513110089019,9.546530246373711,2.53779697624191,0.2173549872916398,1.48,0.48
1957-10-31,41.060001373291016,25.012177579819006,-9.916630706855509,3.2727272727272676,1.0422440013517975,3.5,0.5
2016-05-31,2096.949951171875,15.014669161765012,-0.4953967674903314,0.9973264945230832,0.8735552908376316,0.37,0.24
1973-07-31,108.22000122070312,-26.714103988180995,0.7728855906248318,7.380952380952384,4.439775910364141,10.66,6.1000000000000005
1976-03-31,102.7699966430664,-4.23275140236619,23.284544014632036,6.0491493383742965,-4.159183994959034,4.81,-0.71
1971-04-30,103.9499969482422,3.5786448580227983,27.51472182142632,4.404145077720196,-1.6398109662358564,4.25,-3.875
2011-01-31,1286.1199951171875,2.0441357853319535,19.764962329247123,2.1075846286581603,-0.0357471494872081,0.17,0.05
1988-02-29,267.82000732421875,7.856014282709312,-5.763548268562407,3.9250669045495146,0.8919786692553995,6.59,0.5199999999999996
1995-06-30,544.75,23.107848532870584,22.616880156457285,2.762803234501344,-0.0072798679917305,6.02,1.845
1961-05-31,66.55999755859375,-10.41165376302476,19.219049571247993,0.6756756756756733,-1.0425373827435704,2.25,-1.75
1979-06-30,102.91000366210938,11.009614030197293,7.725327098414958,11.263318112633169,3.5584000798462796,10.26,2.76
2011-10-31,1253.300048828125,12.675335447413538,5.919243317990035,3.394377590800854,2.2512166792305752,0.07,-0.12
2007-08-31,1473.989990234375,-12.968882790668864,13.051652141819975,2.7550517496303613,0.6926775041575275,5.0,-0.25
1999-02-28,1238.3299560546875,10.343776895999458,18.010368078055016,1.7262638717632623,0.3512638717632694,4.73,-0.7299999999999995
1957-04-30,45.7400016784668,-5.02842800034394,-5.45679894866378,3.7037037037037033,2.580108198085723,3.0,0.2799999999999998
2021-02-28,3811.14990234375,14.766935268444833,29.0069778194841,2.619762508959185,1.0804355170393691,0.08,-1.5
2011-08-31,1218.8900146484375,15.39843128999503,16.15888859508678,3.868356841040298,2.7246741828810257,0.09,-0.1
1994-02-28,467.1400146484375,4.334888762470893,5.358836551933569,2.506963788300832,-0.579899097557016,3.23,0.2799999999999998
2001-11-30,1139.449951171875,-17.827896118154253,-13.346515572215925,1.5517241379310278,-1.8350851312311751,2.0199999999999996,-4.4750000000000005
1986-03-31,238.8999938964844,22.101305843241313,32.237345872804276,1.5902712815715516,-2.0954707164885953,7.39,-1.21
1983-06-30,167.63999938964844,-8.625630378497886,52.94224838624489,2.461538461538467,-3.979509573396037,8.975,-5.135
2003-02-28,841.1500244140625,36.116020706746674,-23.996815911881452,3.0201342281879064,1.5445383144535008,1.25,-0.49
1973-10-31,108.29000091552734,-31.757317479824092,-2.948557861209556,8.254716981132077,4.58723531854039,10.02,5.02
1974-12-31,68.55999755859375,31.549016413436615,-29.718097986919194,11.802575107296136,2.412903745793791,8.76,-1.33
1974-02-28,96.22000122070312,-15.204744021209432,-13.84312235156411,10.392609699769054,5.803237719092729,8.875,2.4349999999999996
1996-06-30,670.6300048828125,31.98634242485303,23.107848532870584,2.9508196721311477,0.1880164376298037,5.26,-0.7599999999999998
1990-01-31,329.0799865722656,4.512582566383015,10.62627667389895,5.263157894736848,0.4355716878403006,8.23,-0.8699999999999992
1979-07-31,103.80999755859376,17.204509228767485,3.108857016220207,11.818181818181811,3.975044563279858,10.41,2.6000000000000005
2011-06-30,1320.6400146484375,3.1439316597038656,28.129159967293475,3.628715982221081,2.393523203919612,0.09,-0.09
1999-04-30,1335.1800537109375,8.781587148049493,20.09714897332471,2.0884520884520743,0.4020061171841063,4.69,-0.7499999999999991
2017-01-31,2278.8701171875,23.912724876080055,17.453002136721217,2.73795817148931,1.7201583913238456,0.66,0.3
1968-11-30,108.37000274658205,-13.435457062814828,15.287236964448986,4.719764011799414,1.680250333987864,6.0,1.9350000000000005
2002-11-30,936.3099975585938,13.018119418900408,-17.827896118154253,2.3769100169779387,0.8251858790469109,1.27,-0.7499999999999996
1986-01-31,211.77999877929688,29.417314265779027,17.897897357102714,3.1132075471698086,-0.402417452830186,7.92,-0.3499999999999996
1997-03-31,757.1199951171875,45.51854489452104,17.29202093217467,2.4952015355086226,-0.4014409924703148,5.28,0.0300000000000002
1984-06-30,153.17999267578125,25.24482000047016,-8.625630378497886,4.204204204204193,1.7426657426657255,11.0,2.0250000000000004
2020-05-31,3044.31005859375,38.09729568818109,10.619317666683994,0.6457330475554879,-1.0027516085207566,0.05,-2.3400000000000003
1998-02-28,1049.3399658203125,18.010368078055016,32.69011356589342,1.374999999999993,-1.3867212588311002,5.46,0.2850000000000001
2002-06-30,989.8200073242188,-1.5477568861871502,-19.157450842317857,1.4647887323943631,-1.2551186750130376,1.75,-2.23
1977-01-31,102.02999877929688,-12.525726680582975,1.1600219728981758,5.913978494623664,-0.3717357910906163,4.64,-0.1699999999999999
2012-04-30,1397.9100341796875,14.282744041288616,2.5153855718709663,1.7042537749376003,-1.8643920096969648,0.15,0.0499999999999999
1959-11-30,58.279998779296875,-4.7014377507895135,11.051827910921876,1.7301038062283738,-0.0304595740533164,4.0,1.5
2021-08-31,4522.68017578125,-12.551853186991908,29.207987294652327,5.390348855079157,4.019023994022697,0.1,0.0
1998-08-31,957.280029296875,37.933519322400635,6.427124915416496,1.4888337468982666,-0.6657923621004513,5.53,0.0100000000000006
1963-05-31,70.80000305175781,13.51694813886963,18.732184778737647,1.3245033112582854,-0.0177785679363406,3.0,0.5
1997-01-31,786.1599731445312,24.69218260704502,23.60616788822703,3.034215622982562,0.3834535288805081,5.2,-0.2999999999999998
2010-06-30,1030.7099609375,28.129159967293475,12.11655927488121,1.235192778301469,3.3323541319775245,0.18,-0.03
2002-09-30,815.280029296875,22.162929903003157,-21.6784756865532,2.0258863252673174,-0.1005504563418715,1.74,-1.39
1964-03-31,78.9800033569336,9.090909090909092,18.642036531471167,1.3114754098360608,0.3180979263923499,3.5,0.5
1966-03-31,89.2300033569336,1.0870711137693068,3.5631378416181683,2.866242038216556,1.2481190608702772,4.63,0.6299999999999999
2007-03-31,1420.8599853515625,-6.908494516818969,9.729933561629307,2.5736972704714676,-0.9720375702274052,5.25,0.71
1984-12-31,167.24000549316406,26.333408179619404,1.4006020250809244,3.532875368007845,-0.6593536708469698,8.51,-1.0
2016-03-31,2059.739990234375,14.709622666221788,-0.3941168421491328,1.125110418894419,1.3246278650711134,0.37,0.25
2021-03-31,3972.889892578125,14.033116415166583,53.71450626511303,4.159694838702114,3.8305981523652974,0.07,-0.18
1999-10-31,1362.9300537109375,4.876990607268724,24.05271821343832,2.621951219512202,1.0739636034131306,5.22,0.2000000000000001
2000-08-31,1517.6800537109375,-25.308370938727975,14.94005759005044,3.454437164979144,0.8260753067884283,6.5,1.4900000000000002
1975-08-31,86.87999725341797,18.450744608029744,20.41579406239607,7.905138339920949,-4.041764314946304,6.14,-5.930000000000001
1983-04-30,164.42999267578125,-2.663741299715184,41.21435007571736,3.549060542797501,-3.1324539338171986,8.745000000000001,-5.9399999999999995
1961-06-30,64.63999938964844,-15.300122962612898,13.562897872535492,1.3513513513513469,-0.0185116623472909,1.875,-1.625
1995-01-31,470.4200134277344,35.202585216743756,-2.3234509798752914,2.8629856850715862,0.3472624146313388,5.47,2.4999999999999996
1985-03-31,180.66000366210935,32.237345872804276,13.494165080204969,3.685741998060147,-0.8781525252664246,8.6,-1.2400000000000002
1956-01-31,43.81999969482422,2.053860182900023,19.628715307266408,0.3745318352059978,1.118026258997817,2.5,1.06
2010-02-28,1104.489990234375,20.165866819805785,50.25234323462486,2.3139594469439455,2.697515701861328,0.13,-0.09
1989-02-28,288.8599853515625,14.896500546624514,7.856014282709312,4.978540772532186,1.0534738679826718,9.31,2.7200000000000006
2015-08-31,1972.1800537109375,10.078689168715789,-1.5568737418584295,-0.0361297478059633,-1.6940484235210018,0.14,0.05
1998-05-31,1090.8199462890625,19.345082591231847,28.59196357519164,1.6843418590143409,-0.6130416764036699,5.49,0.0099999999999997
2000-01-31,1394.4599609375,-2.0402128400121295,8.972831810093686,3.22188449848025,1.615954912315955,5.56,0.8799999999999999
2021-12-31,4766.18017578125,-19.44282720342927,26.892738661371247,7.479872468289115,6.08010272672902,0.08,-0.0099999999999999
2019-07-31,2980.3798828125,9.755140143431538,5.826454004170075,1.7497798894291428,-0.9494002147583054,2.4,0.49
1960-08-31,56.959999084472656,19.50491711538696,-4.429529290667266,1.0238907849829375,-0.3601922599997689,3.0,-0.5
2002-04-30,1076.9200439453125,-14.857190367540534,-13.80915934774946,1.1817670230726072,-2.4333933267816135,1.74,-3.2
1992-08-31,414.0299987792969,11.962900979476942,4.703741862789346,2.988338192419842,-0.4027695694490352,3.28,-2.31
1960-09-30,53.52000045776367,24.682366939803835,-5.907173957904602,1.360544217687082,-0.3695595885412917,3.0,-1.0
1958-08-31,47.75,24.816750731143653,5.594866676249807,2.120141342756176,-1.164530190090547,1.63,-1.62
2011-07-31,1292.280029296875,6.735375848804661,17.309373451058345,3.771208179119781,2.6231036172805853,0.07,-0.1099999999999999
2003-01-31,855.7000122070312,32.187681283933735,-24.287732332692272,2.9808773903261994,1.8432209625673823,1.24,-0.48
1969-04-30,103.69000244140624,-21.38104472595397,6.39236960338341,5.50724637681159,1.5915837262091896,7.63,1.88
2018-06-30,2718.3701171875,8.217787973966189,12.17128821683274,2.949515086647112,1.2215366302746131,1.9,0.7899999999999998
2007-12-31,1468.3599853515625,-38.485793060906715,3.5295730663479623,4.28029404790136,2.2046510826971315,4.28,-0.9699999999999998
1988-11-30,273.70001220703125,26.41212086343,18.844988528080776,4.4194107452339635,-0.0149783950375343,8.34,1.6049999999999995
2014-08-31,2003.3699951171875,-1.5568737418584295,22.68259864292394,1.6579186757150384,0.4729934141628857,0.09,0.0099999999999999
1956-07-31,49.38999938964844,-2.9965571178899806,13.48804887440574,1.8656716417910448,2.2374188536869477,2.75,1.06
2018-01-31,2823.81005859375,-4.23930641415433,23.912724876080055,2.211795421238657,-0.5261627502506534,1.42,0.7599999999999999
2002-07-31,911.6199951171876,8.631886406933257,-24.736011342421723,1.8028169014084443,-0.9170905059989564,1.72,-2.03
1992-02-29,412.7000122070313,7.433969413209164,12.430872578077294,3.1851851851851936,-1.7099197099197103,4.0,-2.2699999999999996
1979-05-31,99.08000183105467,12.272906548234976,1.8922295430970184,10.88957055214723,3.476061491191712,10.25,2.88
1967-07-31,94.75,3.155670568622181,13.337322642811364,2.4464831804281255,-1.0345294777997274,3.75,-1.75
2003-08-31,1008.010009765625,9.546530246373711,10.036351120146051,2.3204419889502703,0.8061402503075399,1.0,-0.72
1989-12-31,353.3999938964844,-6.55913782572701,27.250465340319018,5.202312138728334,0.5350692692382806,8.47,-0.2699999999999996
2007-09-30,1526.75,-23.605044352280167,14.290528719763527,3.5361744301288383,2.23095354659469,4.925,-0.3250000000000002
2004-06-30,1140.8399658203125,4.4256856129746955,17.06926278299769,2.9907558455682435,0.8808169227475817,1.0,-0.2350000000000001
1995-04-30,514.7100219726562,27.094860209445997,14.14916896772944,3.1864406779660936,0.8979524671477779,6.02,2.4099999999999997
1957-08-31,45.220001220703125,5.594866676249807,-4.820031954815226,3.284671532846723,1.4259354733671692,3.25,0.5
1962-04-30,65.23999786376953,6.989585127685359,-0.1071806728539801,1.342281879194626,0.3253327266522507,2.75,1.125
1985-08-31,188.6300048828125,34.08788958729843,13.16895438658164,3.14285714285714,-1.127252092495389,7.82,-3.799999999999999
1966-08-31,77.0999984741211,21.4526604965875,-11.552139390100043,3.481012658227853,1.87329561642721,5.75,1.62
1955-08-31,43.18000030517578,10.027785979052911,44.75360514788474,0.373134328358201,0.7448815402541039,2.0,0.6200000000000001
2005-07-31,1234.1800537109375,3.441959731971119,12.023026406907702,3.641160949868077,0.9867730842126026,3.27,2.02
1957-02-28,43.2599983215332,-5.594078277485111,-4.587564675903439,3.731343283582089,3.3568114483760914,3.0,0.5
1957-12-31,39.9900016784668,38.059506794672856,-14.313256380034428,3.6231884057971016,0.6381137789314271,3.0,0.0
1983-05-31,162.38999938964844,-7.291087125064283,45.14658864517213,2.5773195876288657,-4.486698072415291,8.68,-5.91
1997-04-30,801.3400268554688,38.736361936468874,22.49721751074672,2.234993614303959,-0.6559393686132591,5.495,0.2750000000000003
2020-03-31,2584.590087890625,53.71450626511303,-8.813499261221347,0.3290966863368166,-1.667343089193429,0.25,-2.15
1984-09-30,166.10000610351562,9.620707489667476,0.0180639356740126,4.257425742574254,1.406101913653687,11.38,1.8600000000000012
1962-06-30,54.75,26.70320136362015,-15.300122962612898,1.0000000000000024,-0.3513513513513442,2.75,0.875
1996-10-31,705.27001953125,29.68366296430405,21.284612129191743,3.2552083333333335,0.6499979124916462,5.2,-0.5
1983-01-31,145.3000030517578,12.463868017883344,20.681064128165207,3.488372093023268,-4.133925972960792,8.46,-4.67
1959-12-31,59.88999938964844,-2.9721135372135854,8.476725924257426,1.0344827586206922,-0.3641186399807015,4.0,1.5
2022-10-31,3871.97998046875,8.311505375598296,-15.924851391322436,7.110322794191731,0.3013199543852556,3.08,3.0
1969-12-31,92.05999755859376,0.0977666409646132,-11.361450974786257,6.179775280898864,1.780948301426724,9.25,3.12
1991-11-30,375.2200012207031,14.95922517461883,16.44838923692322,3.064275037369203,-3.0419898317822778,4.83,-2.9000000000000004
1996-03-31,645.5,17.29202093217467,28.916940148159973,2.8966425279789374,-0.1562747040427723,5.25,-0.7000000000000002
2012-10-31,1412.1600341796875,24.38675479743768,12.675335447413538,1.764133846085848,-1.630243744715006,0.16,0.09
2017-03-31,2362.719970703125,11.772455048983224,14.709622666221788,2.199689878417295,1.074579459522876,0.82,0.4499999999999999
1994-05-31,456.5,16.84556942257667,1.401629872803543,2.4930747922437635,-0.5026456071856353,4.19,1.2200000000000002
2018-10-31,2711.739990234375,12.015166259771624,5.299658285035501,2.1766010321523983,-0.025981906530776,2.18,1.0200000000000002
2012-09-30,1440.6700439453125,16.71999816301839,27.332908026061776,2.162343598871136,-1.3628563224862624,0.15,0.0699999999999999
1990-10-31,304.0,29.095398752312928,-10.682802596199952,6.274821286735508,1.619792192803664,8.01,-0.8000000000000007
2021-04-30,4181.169921875,-1.1776547476852834,43.56293610537338,4.992706537594479,4.874780167383766,0.07,0.02
1967-12-31,96.47000122070312,7.660411833873278,20.09211878719128,3.647416413373869,0.1882969165185302,4.5,-1.0
1998-07-31,1120.6700439453125,18.564779872706684,17.43249539586893,1.6169154228855689,-0.6081322567075651,5.5,0.0199999999999995
1973-09-30,108.43000030517578,-41.399980875500994,-1.917686737276221,7.801418439716324,4.378435554630753,10.82,5.94
1996-09-30,687.3300170898438,37.82026184563566,17.61093216659723,2.992843201041004,0.1834786525460283,5.28,-0.4500000000000002
1994-03-31,445.7699890136719,12.324742310034967,-1.3062687888635944,2.361111111111115,-0.8646953405017879,3.25,0.2299999999999999
1967-06-30,90.63999938964844,9.863197817306286,6.962475424372702,2.7692307692307647,-0.0788704965920152,4.0,-1.25
1966-01-31,92.87999725341795,-6.7506425801876935,6.075833534901764,2.5641025641025665,1.593228777694797,4.63,0.6299999999999999
1968-03-31,90.1999969482422,12.538808836632326,0.0,3.927492447129901,1.4507122613713737,5.13,0.6299999999999999
1975-05-31,91.1500015258789,9.906745615065203,4.434008708419013,9.38775510204082,-1.471973404746505,5.16,-6.209999999999999
2000-02-29,1366.4200439453125,-9.25631200299668,10.343776895999458,3.7575757575757502,2.0313118858124883,5.71,0.9799999999999996
2014-09-30,1972.2900390625,-2.649712199046853,17.28999921453377,1.6643402156320386,0.7007275109886337,0.09,0.0099999999999999
1976-02-29,99.70999908447266,0.110320540930275,22.208608358727247,6.072106261859575,-4.178939763245041,4.8,-1.455
1964-07-31,83.18000030517578,2.4885786093167583,20.324032417147453,0.9771986970684062,-0.3429333161329092,3.5,0.5
1987-06-30,304.0,-10.032894736842106,21.1927939874871,3.926940639269404,2.34994620513211,6.725,-0.125
1983-08-31,164.39999389648438,1.386860622837062,37.56170275110815,2.8600612870275763,-2.182857167908049,9.6,-0.7800000000000011
2020-12-31,3756.070068359375,26.892738661371247,16.258923055706166,1.3997697415600938,-1.086802213690357,0.09,-1.46
1959-03-31,55.439998626708984,-0.1803724325363134,31.686462318491532,0.3460207612456797,-3.2382086294353245,2.88,1.63
1989-04-30,309.6400146484375,6.833733414124817,18.48621687462288,5.361702127659572,1.4713396166074006,9.83,2.99
2009-01-31,825.8800048828125,30.02736339034668,-40.09067675236928,0.2361910880378661,-3.7903643250108554,0.18,-3.99
1997-09-30,947.280029296875,7.361073633158672,37.82026184563566,2.0846493998736464,-0.9081938011673576,5.505,0.2249999999999996
1982-07-31,107.08999633789062,51.79755637089018,-18.201957045785573,5.850487540628392,-4.953834188063085,12.64,-6.16
2015-05-31,2107.389892578125,-0.4953967674903314,9.556187267517185,0.1237712036854516,-1.9485701694816029,0.13,0.04
1969-07-31,91.83000183105467,-15.005987699585129,-6.046650462333982,5.714285714285714,1.2366737739872071,8.75,2.75
1966-12-31,80.33000183105469,20.09211878719128,-13.090986080461512,3.459119496855339,1.5360425737784111,5.5,1.0
1990-09-30,306.04998779296875,26.730926587696885,-12.344266606601709,6.2898089171974565,1.797296437996133,8.13,-0.8549999999999986
1973-11-30,95.95999908447266,-27.084199782964554,-17.750920896118743,8.705882352941183,5.299556318877926,10.02,4.96
1974-04-30,90.30999755859376,-3.3329582418414376,-15.574463374769934,10.706150341685657,5.17730418783951,10.33,3.2
1993-05-31,450.19000244140625,1.401629872803543,8.388105411320886,2.995720399429399,-0.0925148946882399,2.97,-0.8099999999999996
1998-10-31,1098.6700439453125,24.05271821343832,20.123116683507785,1.547987616099071,-0.2805117533839083,5.02,-0.4500000000000002
2012-06-30,1362.1600341796875,17.92153557523805,3.1439316597038656,1.4084507042253591,-2.220265277995722,0.17,0.08
2003-10-31,1050.7099609375,7.565359917540874,18.62242022142333,1.7650303364589015,-0.4333913095388468,1.0,-0.73
1985-02-28,181.17999267578125,25.24561615090419,15.357185465502855,3.7037037037037153,-1.0971134566639953,8.524999999999999,-1.0450000000000017
2007-06-30,1503.3499755859375,-14.856818386476233,18.355379733636457,2.3582309582309615,-1.7871119281559342,5.26,0.2649999999999997
1966-11-30,80.44999694824219,16.84276391020283,-12.182080108891888,3.459119496855339,1.5360425737784111,5.75,1.62
2005-09-30,1228.81005859375,8.710859440285178,10.248713151401562,4.347826086956513,1.1586368977673205,3.62,2.045
2012-12-31,1426.18994140625,29.601249573324356,13.405690926621045,1.5948646681225638,-1.3303520440282917,0.17,0.1
2008-11-30,896.239990234375,22.247390969052297,-39.489853668756226,0.091412900645607,-3.9898556821095905,0.35,-4.16
2021-10-31,4605.3798828125,-15.924851391322436,40.83902976879674,6.8090028398064755,5.634467055538506,0.08,-0.0099999999999999
2014-03-31,1872.3399658203125,10.44414637980223,19.318886542338568,1.9528578985167555,0.8897725170273072,0.08,-0.0699999999999999
2016-07-31,2173.60009765625,13.650162764153384,3.3158418345174008,1.0628745027610345,0.8677952097553003,0.4,0.27
1979-12-31,107.94000244140624,25.773569979796328,12.30881464564315,13.90922401171303,4.629224011713035,13.78,3.84
2019-01-31,2704.10009765625,19.282567325334412,-4.23930641415433,1.5201352659333054,-0.6916601553053514,2.4,0.98
1956-05-31,45.20000076293945,4.933627222556946,19.229757174543984,1.872659176029963,2.6161535998217818,2.75,1.12
2020-02-29,2954.219970703125,29.0069778194841,6.095550031209254,1.539326991919816,-0.3231957486493577,1.58,-0.8199999999999998
2000-07-31,1430.8299560546875,-15.347733995691115,7.684838611820403,3.4111310592459705,1.146749174301057,6.51,1.5299999999999994
1976-06-30,104.27999877929688,-3.6440309425067903,9.549318315740084,5.350553505535053,-4.366045684748356,5.485,0.1250000000000009
1972-10-31,111.58000183105467,-2.948557861209556,18.412392927973336,3.6674816625916873,0.3846533797634119,5.0,-0.25
1988-04-30,261.3299865722656,18.48621687462288,-9.37369959508857,3.8903625110521713,0.0336131997574158,6.84,0.5499999999999998
1961-04-30,65.30999755859375,-0.1071806728539801,20.121388342153026,1.0169491525423753,-0.7071887784921074,1.625,-2.375
1971-09-30,98.33999633789062,12.416114672116,16.654795703284442,3.807106598984772,-1.822920210666707,5.5,-0.9399999999999996
2003-03-31,848.1799926757812,32.77959521122498,-26.077446914538015,2.2246941045606228,0.5853498422655377,1.23,-0.51
2015-06-30,2063.110107421875,1.7328207482185374,5.2483702411552375,0.1695697796432303,-1.822758856121079,0.13,0.03
1964-11-30,84.41999816894531,8.516942190661123,15.280614910626278,0.9708737864077692,-0.6738630556974937,3.5,0.0
1982-08-31,119.51000213623048,37.56170275110815,-2.6712262845842933,5.042918454935625,-5.909462497445329,10.38,-7.1999999999999975
2006-07-31,1276.6600341796875,13.990410960606878,3.441959731971119,3.818737270875763,0.1775763210076864,5.24,1.97
1981-07-31,130.9199981689453,-18.201957045785573,7.602531551908026,10.804321728691477,-2.068306997595787,18.8,9.71
1991-07-31,387.80999755859375,9.386038040699232,8.889514026304155,3.7993920972644375,-1.8185854308254503,5.8,-2.2700000000000005
1997-05-31,848.280029296875,28.59196357519164,26.775471587620093,2.2973835354180108,-0.4567148252377193,5.48,0.25
1983-12-31,164.92999267578125,1.4006020250809244,17.271041945070312,4.192229038854815,0.4806701841358327,9.51,0.6799999999999997
2006-06-30,1270.199951171875,18.355379733636457,6.620331732308678,4.145342886386896,0.9774442591429676,4.995,1.9850000000000003
2015-02-28,2104.5,-8.185793277797575,13.17863106095907,-0.0736373908664271,-1.585840266629514,0.12,0.0499999999999999
1997-10-31,914.6199951171876,20.123116683507785,29.68366296430405,1.8284993694829796,-1.4267089638503538,5.47,0.2699999999999996
1992-04-30,414.9500122070313,6.082658029127117,10.553102854906712,3.023598820058993,-1.9299615514580395,3.745,-2.175
1978-12-31,96.11000061035156,12.30881464564315,1.0620422212785985,9.279999999999996,2.4423931623931576,9.94,3.4099999999999993
1989-06-30,317.9800109863281,12.591979572283652,16.263258130284505,4.978902953586503,0.8488502295091713,9.53,2.0149999999999997
1971-02-28,96.75,10.149870485606428,8.100558659217876,4.712041884816746,-1.105132630418714,3.88,-5.37
1992-05-31,415.3500061035156,8.388105411320886,6.546448557137656,3.0882352941176388,-1.607684644296521,3.78,-2.01
2008-07-31,1267.3800048828125,-22.08493295899388,-12.911007038333535,5.3718551152623455,3.401771741059307,1.99,-3.26
1993-10-31,467.8299865722656,0.966167125020703,11.739274566803877,2.676056338028177,-0.3718391626975039,2.97,-0.0699999999999998
1963-03-31,66.56999969482422,18.642036531471167,-4.2846919139829955,0.9933774834437108,-0.3489043957509151,3.0,0.25
1989-09-30,349.1499938964844,-12.344266606601709,28.406454045125074,4.492512479201324,0.2427293048734782,8.985,0.7749999999999986
2003-05-31,963.5900268554688,16.302579154758217,-9.703505291860193,2.1122846025569664,1.0448688722198844,1.26,-0.48
2021-05-31,4204.10986328125,-1.7116574798865087,38.09729568818109,5.391451413321334,4.745718365765846,0.06,0.0099999999999999
1997-06-30,885.1400146484375,28.09724417109923,31.98634242485303,2.229299363057325,-0.7215203090738229,5.5,0.2400000000000002
1995-02-28,487.3900146484375,31.39990016778124,4.334888762470893,2.8532608695652293,0.3462970812643973,5.94,2.7100000000000004
2016-06-30,2098.860107421875,15.463146092483468,1.7328207482185374,0.8271388704987093,0.6575690908554789,0.37,0.24
2001-12-31,1148.0799560546875,-23.365963957103567,-13.042693172742595,1.1422044545973729,-2.590023033554276,1.86,-4.62
1966-05-31,86.12999725341797,3.425060573213534,-2.589912873727737,2.531645569620244,0.5961616986524976,5.0,0.8700000000000001
2016-11-30,2198.81005859375,20.409676487393416,5.691193153580315,2.0746221329669092,1.3451023469253127,0.41,0.29
2002-05-31,1067.1400146484375,-9.703505291860193,-15.024441377776537,1.067415730337082,-2.1808441304517774,1.74,-2.4799999999999995
2006-04-30,1310.6099853515625,13.105348783036437,13.29126619791356,4.166666666666663,1.3639167988718397,4.765,2.0
1971-12-31,102.08999633789062,15.633271903589666,10.786754907671082,3.266331658291468,-2.024673632713823,4.13,-0.8700000000000001
1973-06-30,104.26000213623048,-17.513909228940165,-2.688069133679883,5.7279236276849606,2.779520679282023,8.5,4.06
2018-11-30,2760.169921875,13.796616490011726,4.252556690550997,1.910158848631372,-0.1989236259370423,2.2,1.0400000000000005
2022-04-30,4131.93017578125,0.9087715205739222,-1.1776547476852834,8.581511543676516,3.588805006082037,0.33,0.26
2015-11-30,2080.409912109375,5.691193153580315,0.6214984402612624,0.7295197860415966,-0.0269734836141432,0.12,0.03
1995-08-31,561.8800048828125,16.03722940280748,18.168629502769296,2.54350736278446,-0.4199661037903239,5.71,1.21
2003-06-30,974.5,17.06926278299769,-1.5477568861871502,2.1099389228206618,0.6451501904262986,1.235,-0.5149999999999999
1994-10-31,472.3500061035156,23.10786333991581,0.966167125020703,2.6748971193415483,-0.0011592186866287,4.71,1.7399999999999998
1992-03-31,403.69000244140625,11.885360225955113,7.587548938777698,3.1804733727810737,-1.7070363246587883,3.95,-2.16
2010-11-30,1180.550048828125,5.625336441711803,7.750795758317651,1.4957235273143148,-1.2256075988915205,0.2,0.08
1976-12-31,107.45999908447266,-11.501954881495536,19.14846011262304,5.215827338129494,-1.502022949778376,4.65,-0.5599999999999996
1991-03-31,375.2200012207031,7.587548938777698,10.37830161967417,4.887509697439862,0.1758931255470823,6.11,-2.1599999999999993
2019-09-30,2976.739990234375,12.975940493049668,2.153755694489338,1.7640429444213823,-0.7584269841856559,2.125,0.205
1996-12-31,740.739990234375,31.008181746570862,20.26366617030328,3.0440414507771947,0.3161638726002191,5.25,-0.4500000000000002
2008-06-30,1280.0,-28.17812442779541,-14.856818386476233,5.600122900253958,3.241891942022997,1.99,-3.2699999999999996
1996-05-31,669.1199951171875,26.775471587620093,25.444312802987355,2.75409836065573,-0.2864421798848107,5.23,-0.7599999999999998
1993-11-30,461.7900085449219,-1.7540453352462857,7.056914804842089,2.748414376321357,-0.1522382705241831,3.02,0.0849999999999999
1961-11-30,71.31999969482422,-12.70331100961644,28.41195268127058,0.671140939597313,-0.6894032780897691,2.75,0.125
2001-07-31,1211.22998046875,-24.736011342421723,-15.347733995691115,2.719907407407401,-0.6912236518385697,3.75,-2.76
2014-07-31,1930.6700439453125,8.969427193858593,14.53020746587494,1.6996113341628267,0.1812437746196309,0.09,0.0
2015-01-31,1994.989990234375,-2.7443746719535107,11.91524851405299,-0.0251298018153076,-1.1514790519208395,0.12,0.0499999999999999
1960-12-31,58.11000061035156,23.12855326147094,-2.9721135372135854,1.706484641638225,0.6720018830175332,2.0,-2.0
2017-06-30,2423.409912109375,12.17128821683274,15.463146092483468,1.7279784563724987,0.9008395858737894,1.11,0.7400000000000001
1972-09-30,110.5500030517578,-1.917686737276221,12.416114672116,3.422982885085571,-0.3841237138992013,4.88,-0.6200000000000001
1956-03-31,48.47999954223633,-9.014024284545574,32.53143005881183,0.7490636704119823,1.1221979987701969,2.5,1.06
1961-12-31,71.55000305175781,-11.809929024774684,23.12855326147094,0.671140939597313,-1.0353437020409122,2.5,0.5
2013-11-30,1805.81005859375,14.494879943455086,27.512744856265396,1.5017356196183849,-0.239286749129179,0.0849999999999999,-0.0750000000000001
1960-05-31,55.83000183105469,19.219049571247993,-4.856848090148551,1.718213058419244,1.0261715359278845,4.0,1.0
1994-11-30,453.69000244140625,33.43251820837084,-1.7540453352462857,2.6748971193415483,-0.0735172569798088,5.43,2.4099999999999997
1990-11-30,322.2200012207031,16.44838923692322,-6.870137774092826,6.106264869151481,1.4589619645871703,7.73,-0.745000000000001
1986-12-31,242.1699981689453,2.0275028695685102,14.620408731597989,1.459854014598548,-2.4264019095720624,6.23,-1.7599999999999998
1995-07-31,562.0599975585938,13.85795377482234,22.65089372429787,2.617449664429534,-0.2831028217583031,5.77,1.5099999999999998
1996-11-30,757.02001953125,26.205384238801255,25.05079961630838,3.3224755700325694,0.7840654163919472,5.28,-0.4399999999999995
2008-02-29,1330.6300048828125,-44.75624146772434,-5.415756409142857,3.9814562312516983,1.2026774524729236,2.97,-2.28
2020-04-30,2912.429931640625,43.56293610537338,-1.133811034533056,0.1179263702107137,-1.672302098555679,0.05,-2.3600000000000003
1982-02-28,113.11000061035156,30.89912188104404,-13.834084765028951,6.779661016949152,-3.707230368818646,15.16,-1.0399999999999991
1985-11-30,202.1699981689453,23.272495166389636,23.59090103064453,3.798670465337132,-0.1499968594407552,8.0,-1.5
1989-11-30,345.989990234375,-6.870137774092826,26.41212086343,4.64730290456431,0.2278921593303469,8.475000000000001,0.1350000000000015
1967-04-30,94.01000213623048,3.6698190297270297,3.2396273410160146,2.786377708978346,-0.0798643292382097,4.0,-0.75
1962-11-30,62.2599983215332,17.619668055156872,-12.70331100961644,1.3333333333333286,0.6621923937360156,3.0,0.25
2009-06-30,919.3200073242188,12.11655927488121,-28.17812442779541,-2.097161353676056,-7.697284253930015,0.21,-1.78
1982-06-30,109.61000061035156,52.94224838624489,-16.462163705714364,6.4410480349345045,-4.320741566032836,14.11,-4.645000000000003
1982-04-30,116.44000244140624,41.21435007571736,-12.325875625413907,6.6815144766147,-3.0984366236298,14.685,-0.8949999999999996
1960-07-31,55.5099983215332,20.26662611217052,-8.263097237966194,1.3698630136986376,0.3318007299616108,3.5,0.0
1996-01-31,636.02001953125,23.60616788822703,35.202585216743756,2.650762094102054,-0.2122235909695322,5.5,0.0300000000000002
1987-08-31,329.79998779296875,-20.70345703655984,30.391806959692374,4.355716878402901,2.601330913490614,6.75,0.4599999999999999
1990-06-30,358.0199890136719,3.6701902272656945,12.591979572283652,4.823151125401929,-0.1557518281845737,8.28,-1.25
1991-08-31,395.4299926757813,4.703741862789346,22.59114449055344,3.391107761868877,-2.768892238131114,5.59,-2.4800000000000004
1980-08-31,122.37999725341795,0.3350250623558812,11.946576651163369,12.600536193029498,0.4200850652099586,9.92,-1.0099999999999998
2021-01-31,3714.239990234375,21.57399135650793,15.151664467863029,1.6762152173745013,-0.658658346571438,0.09,-1.46
1980-03-31,102.08999633789062,33.21579476785984,0.4921744443586637,14.730878186968848,4.245745166624568,16.89,6.8100000000000005
1981-10-31,121.88999938964844,9.705473697835917,-4.377501982912359,9.590643274853806,-3.057578069019703,14.98,1.9600000000000009
2018-03-31,2640.8701171875,7.328258360632944,11.772455048983224,2.462743943334802,0.2630540649175068,1.43,0.61
1959-05-31,58.68000030517578,-4.856848090148551,33.09140417803224,0.6920415224913594,-2.1549335664766023,3.0,2.5
1962-09-30,56.27000045776367,27.421354833754247,-15.675112202857507,1.3333333333333286,0.6621923937360156,3.0,1.25
1964-08-31,81.83000183105469,6.525719440793271,12.868968042834052,1.3029315960912122,0.3160894908280519,3.5,0.0
1985-07-31,190.9199981689453,23.67483625693557,26.722417050465815,3.349282296650718,-0.9421348690179414,7.91,-3.3100000000000005
2009-04-30,872.8099975585938,35.96200143509296,-37.00806017010501,-1.2814357989586074,-5.4569788407621225,0.15,-2.13
1956-11-30,45.08000183105469,-7.453417200256028,-0.944839609618402,2.9850746268656745,2.6105427916596766,3.0,0.75
1996-08-31,651.989990234375,37.957634959976424,16.03722940280748,3.002610966057456,0.4591036032729962,5.17,-0.54
1971-08-31,99.02999877929688,12.178125524843493,21.47939506535758,4.0816326530612095,-1.5787447054293595,5.5,-1.13
2019-08-31,2926.4599609375,19.60901926956197,0.8595474523136024,1.7113045131695266,-0.5656676810294634,2.12,0.2100000000000002
2007-11-30,1481.1400146484375,-39.489853668756226,5.7481283054735846,4.0812685827551975,1.5406181762511326,4.51,-0.7300000000000004
1988-12-31,277.7200012207031,27.250465340319018,12.40084149367907,4.667242869490053,0.6204802795619955,8.74,1.95
2000-06-30,1454.5999755859375,-15.827029737876114,5.965572989104723,3.65926814637074,1.514660303233485,6.505,1.7699999999999996
1992-01-31,408.7799987792969,7.338910927537139,18.85558325372599,2.8189910979228356,-2.4935089020771732,4.0,-2.8099999999999996
1967-03-31,90.1999969482422,0.0,1.0870711137693068,2.476780185758527,-0.3894618524580284,4.5,-0.1299999999999999
1972-01-31,103.94000244140624,11.631706805766234,8.406346911634852,3.5087719298245577,-1.4912280701754388,3.5,-0.6299999999999999
1994-06-30,444.2699890136719,22.616880156457285,-1.3894767901330405,2.7700831024930745,-0.0057176092507016,4.175,1.1849999999999996
1956-09-30,45.349998474121094,-6.46086086827055,3.8470354376393496,2.23048327137547,1.8573489430172692,3.0,0.81
1962-10-31,56.52000045776367,30.944801020546247,-17.633345678379563,1.3333333333333286,0.6621923937360156,2.88,0.6299999999999999
1977-08-31,96.7699966430664,6.737629945890979,-5.966384997130915,6.597222222222217,1.1027167277167225,5.97,0.6899999999999995
1977-05-31,96.12000274658205,1.1652050407658752,-4.052702681399349,6.866197183098602,0.896047929367267,5.36,0.1500000000000003
1974-01-31,96.56999969482422,-20.285799316348733,-16.771523993107966,10.023310023310032,6.1492180136248,9.69,3.81
1977-02-28,99.81999969482422,-12.803044298105254,0.110320540930275,6.440071556350629,0.3679652944910545,4.68,-0.1200000000000001
1955-10-31,42.34000015258789,7.652342151134269,33.648989093193,0.373134328358201,0.7448815402541039,2.25,1.25
1985-01-31,179.6300048828125,17.897897357102714,9.925953648616268,3.5156249999999947,-1.0809020684371855,8.27,-1.2100000000000009
1996-04-30,654.1699829101562,22.49721751074672,27.094860209445997,2.890932982917218,-0.2955076950488755,5.22,-0.7999999999999998
2006-10-31,1377.93994140625,12.4417660251288,14.16143447508077,1.9736842105263188,-1.4818131716726313,5.23,1.4700000000000006
1994-12-31,459.2699890136719,34.1106554770871,-1.5392910291473243,2.804377564979496,0.2798333854563584,5.42,2.46
2010-08-31,1049.3299560546875,16.15888859508678,2.812992208153183,1.1436826581592725,2.4298886248020155,0.19,0.03
1967-02-28,86.77999877929688,2.9730374133978428,-4.867356261774041,2.8037383177570048,0.2478277746260122,5.0,0.3700000000000001
1961-02-28,63.439998626708984,10.277428434588073,13.04347796533071,1.360544217687082,-0.3695595885412917,2.5,-1.5
1998-06-30,1133.8399658203125,21.067346567235298,28.09724417109923,1.6822429906541985,-0.5470563724031263,5.53,0.0300000000000002
1984-01-31,163.41000366210938,9.925953648616268,12.463868017883344,4.59652706843718,1.1081549754139122,9.48,1.0199999999999996
1960-03-31,55.34000015258789,17.564144161917426,-0.1803724325363134,1.7241379310344829,1.378117169788803,4.0,1.12
1980-11-30,140.52000427246094,-10.08397763130219,32.36623909670732,12.516297262059966,-0.7776466079548054,15.18,1.9499999999999993
1959-10-31,57.52000045776367,-7.180113065450774,12.059221519380564,1.3793103448275814,-0.7333657115104519,4.0,2.0
1998-04-30,1111.75,20.09714897332471,38.736361936468874,1.686445971267968,-0.548547643035991,5.4399999999999995,-0.0550000000000006
1994-04-30,450.9100036621094,14.14916896772944,2.435312288159035,2.288488210818316,-0.9327000497400236,3.61,0.6699999999999999
1999-09-30,1282.7099609375,11.990243586766605,26.12559843271423,2.5609756097560905,1.0758270949046018,5.23,-0.2399999999999993
1980-12-31,135.75999450683594,-9.730400699458611,25.773569979796328,11.82519280205656,-2.0840312096564713,19.32,5.540000000000001
1991-09-30,387.8599853515625,7.71928107362457,26.730926587696885,2.921348314606746,-3.3684606025907105,5.465,-2.665000000000001
2000-04-30,1452.4300537109375,-13.974517551110422,8.781587148049493,3.1889290012033764,1.100476912751302,6.0,1.3099999999999996
2013-06-30,1606.280029296875,22.0353826677912,17.92153557523805,1.9606816118443984,0.552230907619039,0.09,-0.08
1985-04-30,179.8300018310547,30.968137615727485,12.358636927298472,3.77176015473887,-0.4621108130030675,8.265,-2.104999999999998
1971-01-31,95.87999725341795,8.406346911634852,12.773466289282908,4.9999999999999964,-1.1452513966480566,4.13,-5.250000000000001
2001-10-31,1059.780029296875,-16.420390526391206,-25.858401343507857,1.8954623779437172,-1.5507645976950124,2.47,-4.039999999999999
1966-04-30,91.05999755859376,3.2396273410160146,2.1883031476667707,2.866242038216556,1.2481190608702772,4.75,0.6200000000000001
1985-06-30,191.8500061035156,30.747974124403264,25.24482000047016,3.554274735830935,-0.6499294683732582,7.6,-3.4000000000000004
1975-11-30,91.23999786376952,11.902675213305736,30.398736990121566,6.936416184971102,-5.401246152691226,5.27,-4.215
1976-10-31,102.9000015258789,-10.26239556015214,15.566038261276086,4.882459312839065,-2.4961814638599584,5.0,-0.7699999999999996
1988-01-31,257.07000732421875,15.715561032186685,-6.2062098954320835,3.942652329749109,1.8383522382578033,6.86,0.7300000000000004
2015-07-31,2103.840087890625,3.3158418345174008,8.969427193858593,0.1950792930057341,-1.5045320411570926,0.13,0.04
1968-05-31,98.68000030517578,4.843938756094798,10.77682788144531,4.204204204204222,1.426426426426449,6.13,2.13
1986-06-30,250.83999633789065,21.1927939874871,30.747974124403264,1.5769944341372937,-1.977280301693641,6.85,-0.75
2022-09-30,3585.6201171875,19.590187039974943,-16.759447743453123,7.7454273308049135,1.5235584274760263,2.33,2.25
2004-01-31,1131.1300048828125,4.432736682078565,32.187681283933735,1.6930638995084624,-1.287813490817737,1.0,-0.24
2019-06-30,2941.760009765625,5.38895181016161,8.217787973966189,1.811464806393509,-1.138050280253603,2.38,0.48
1968-09-30,102.66999816894533,-9.301641757749517,6.1627537389043185,4.747774480712149,2.3161635384628956,5.75,1.75
2019-02-28,2784.489990234375,6.095550031209254,2.603696991898414,1.8625227405691736,-0.4971886634037448,2.4,0.98
1978-02-28,87.04000091552734,10.615806257558503,-12.803044298105254,6.554621848739493,0.1145502923888637,6.76,2.08
1995-11-30,605.3699951171875,25.05079961630838,33.43251820837084,2.5384101536406223,-0.136486965700926,5.72,0.29
1967-09-30,96.70999908447266,6.1627537389043185,26.31922958259956,2.4316109422492533,-1.3538780167412807,4.0,-1.75
2015-04-30,2085.510009765625,-0.9690656406761264,10.6988011262387,-0.0399327448507771,-2.167044294787463,0.13,0.04
1988-05-31,262.1600036621094,22.2612086269197,-9.631162307330836,3.9647577092511015,0.3117896727214213,7.14,0.3899999999999997
1990-05-31,361.2300109863281,7.917386351108008,12.701242782995276,4.67365028203063,-0.4958412433930936,8.23,-1.5299999999999994
2003-07-31,990.3099975585938,11.250009938220323,8.631886406933257,2.1582733812949675,0.3554564798865232,1.01,-0.71
2022-02-28,4373.93994140625,-9.23172344549109,14.766935268444833,8.54245555484244,5.922693045883255,0.08,0.0
2012-03-31,1408.469970703125,11.410961827101763,6.233077950233671,2.3027398112989435,-0.8608910479775176,0.13,-0.01
2004-07-31,1101.719970703125,12.023026406907702,11.250009938220323,2.6543878656554742,0.4961144843605067,1.25,0.24
1979-09-30,109.31999969482422,14.763995092119078,6.612052583149723,12.071535022354707,3.1429635937832927,11.36,2.99
1989-10-31,340.3599853515625,-10.682802596199952,22.005944675854792,4.655029093931844,0.4089285740011759,8.81,0.5200000000000014
2008-01-31,1378.550048828125,-40.09067675236928,-4.150207323641651,4.0265554130487216,1.6113566208997496,4.17,-1.08
1973-04-30,106.97000122070312,-15.574463374769934,-0.6501318474472659,5.528846153846147,2.303039702233233,7.13,2.88
1985-05-31,189.5500030517578,30.49327466166019,25.90501442008748,3.760848601735768,-0.4602569259024252,8.0,-2.4800000000000004
1970-07-31,78.05000305175781,22.459959120913904,-15.005987699585129,5.405405405405405,-0.3088803088803091,7.25,-1.5
1987-03-31,291.70001220703125,-11.247856080070088,22.101305843241313,3.775322283609584,2.1850510020380325,6.14,-1.25
1963-10-31,74.01000213623047,14.660178571741511,30.944801020546247,1.3157894736842175,-0.017543859649111,3.5,0.6200000000000001
1966-10-31,80.19999694824219,16.33417282044265,-13.222247849826582,3.785488958990534,2.182924856426431,5.75,1.62
1970-03-31,89.62999725341797,11.915653946724316,-11.703285028867471,6.060606060606069,0.5373502466525855,7.75,0.8700000000000001
1997-07-31,954.3099975585938,17.43249539586893,49.1225844761549,2.2250476795931338,-0.6526501621334884,5.48,0.2200000000000006
2002-02-28,1106.72998046875,-23.996815911881452,-10.74325912805284,1.4755959137344057,-1.444964833929146,1.74,-3.755
2005-03-31,1180.5899658203125,9.679908571598734,4.828584968076869,3.510638297872337,1.225545806033388,2.61,1.61
2022-07-31,4130.2900390625,11.105029369296052,-6.028533936374103,8.262692503116233,3.0114209482412333,1.58,1.48
1958-10-31,51.33000183105469,12.059221519380564,25.012177579819006,2.1126760563380333,-1.1600512163892345,2.0,-1.5
1983-11-30,166.39999389648438,-1.6947068322514327,20.118382561736247,3.79098360655738,-0.0388036274851666,9.345,-0.0549999999999997
1955-09-30,43.66999816894531,3.8470354376393496,35.15938196475909,0.373134328358201,1.1138750690989392,2.19,1.0
1993-02-28,443.3800048828125,5.358836551933569,7.433969413209164,3.086862885857848,-0.0983222993273456,2.95,-1.0499999999999998
1961-03-31,65.05999755859375,6.901330558951088,17.564144161917426,1.0169491525423753,-0.7071887784921074,2.0,-2.0
1972-11-30,116.66999816894533,-17.750920896118743,24.13022749298126,3.406326034063257,0.1399943757717889,5.06,0.1200000000000001
2006-03-31,1294.8699951171875,9.729933561629307,9.679908571598734,3.5457348406988727,0.0350965428265355,4.54,1.93
1990-07-31,356.1499938964844,8.889514026304155,2.909734083139769,5.617977528089888,0.9120951751487169,8.07,-1.1500000000000004
1976-08-31,102.91000366210938,-5.966384997130915,18.450744608029744,5.4945054945054945,-2.410632845415454,5.28,-0.8599999999999994
1983-10-31,163.5500030517578,1.5530377491518568,22.30780852433635,3.2653061224489828,-1.323808071787941,9.38,-0.1099999999999994
1989-08-31,351.45001220703125,-8.220234356235858,34.38743766108753,4.340567612687816,0.166654569209558,8.95,0.8599999999999994
1964-10-31,84.86000061035156,8.908788008742444,14.660178571741511,1.298701298701294,-0.0170881749829234,3.5,0.0
1974-03-31,93.9800033569336,-11.30027917348283,-15.728114969615484,10.091743119266052,5.031502155410627,9.35,2.22
2000-11-30,1314.949951171875,-13.346515572215925,-5.32504490483392,3.386809269162203,0.7022455107729382,6.495,1.0650000000000004
1961-08-31,68.06999969482422,-13.148230943241764,19.50491711538696,1.3513513513513469,0.3274605663684091,1.75,-1.25
1959-06-30,58.470001220703125,-2.650937265944482,29.244029733388594,0.6896551724137907,-1.7838430608017546,3.5,2.75
2008-09-30,1166.3599853515625,-9.369322565017178,-23.605044352280167,3.655186277137497,0.1190118470086587,1.965,-2.96
1964-12-31,84.75,9.061947262744283,12.969879755163747,0.9708737864077692,-0.6738630556974937,4.0,0.5
1963-07-31,69.12999725341797,20.324032417147453,18.71886964944157,1.3201320132013157,-0.01766062893916,3.0,0.25
2016-12-31,2238.830078125,19.419965523287917,9.535022667283643,2.5000422090529986,1.1269553952220035,0.55,0.4
1973-05-31,104.9499969482422,-16.836587596719582,-4.181504502965789,5.995203836930455,3.2858442310191216,7.88,3.63
2002-12-31,879.8200073242188,26.38039993281984,-23.365963957103567,2.5974025974025943,1.4551981428052214,1.24,-0.6200000000000001
1965-10-31,92.41999816894533,-13.222247849826582,8.908788008742444,1.6025641025641029,0.3038628038628088,4.13,0.6299999999999999
1964-05-31,80.37000274658203,10.016169151749384,13.51694813886963,1.3071895424836557,-0.0173137687746298,3.5,0.5
2005-02-28,1203.5999755859375,6.402464286877005,5.123415828051161,3.148345784418359,1.4111036562967427,2.51,1.4999999999999998
1956-12-31,46.66999816894531,-14.313256380034428,2.61653174733183,2.9850746268656745,2.6105427916596766,3.0,0.5
2017-05-31,2411.800048828125,12.168088761990024,15.014669161765012,1.6334879552564587,0.6361614607333755,0.91,0.54
1963-09-30,71.69999694824219,17.405863163345025,27.421354833754247,1.3157894736842175,-0.017543859649111,3.5,0.5
1982-05-31,111.87999725341795,45.14658864517213,-15.619578894696987,7.064017660044157,-2.488582098117864,14.59,-3.8999999999999986
1987-05-31,290.1000061035156,-9.631162307330836,17.283201514096273,3.65296803652968,1.8871687800240984,6.75,-0.0899999999999998
1985-12-31,211.27999877929688,14.620408731597989,26.333408179619404,3.8862559241706105,0.3533805561627656,7.99,-0.5199999999999996
1998-01-31,980.280029296875,30.53821116464897,24.69218260704502,1.441102756892238,-1.5931128660903242,5.51,0.3099999999999996
